{"cameraMode":{"drawMode":0,"name":"Shaded","section":"Shading Mode"},"sceneLighting":true,"audioPlay":false,"sceneViewState":{"m_AlwaysRefresh":false,"showFog":true,"showSkybox":true,"showFlares":true,"showImageEffects":true,"showParticleSystems":true,"showVisualEffectGraphs":true,"m_FxEnabled":true},"in2DMode":false,"pivot":{"x":-3.9108994007110597,"y":23.585235595703126,"z":-39.287742614746097},"rotation":{"x":-0.09462364763021469,"y":0.03045543096959591,"z":-0.002895963843911886,"w":-0.9950470328330994},"size":16.22852897644043,"orthographic":true}