{"cameraMode":{"drawMode":0,"name":"Shaded","section":"Shading Mode"},"sceneLighting":false,"audioPlay":false,"sceneViewState":{"m_AlwaysRefresh":false,"showFog":true,"showSkybox":false,"showFlares":true,"showImageEffects":true,"showParticleSystems":true,"showVisualEffectGraphs":true,"m_FxEnabled":true},"in2DMode":false,"pivot":{"x":-8.429372787475586,"y":22.03156089782715,"z":1.6876063346862794},"rotation":{"x":0.09241136908531189,"y":-0.09841139614582062,"z":0.009178751148283482,"w":0.9908037781715393},"size":3.1015610694885256,"orthographic":false}